ID,Depth (cm),Density g/cm^3,210Pb (Bq/kg),sd(210Pb),Thickness (cm),Info
1,1,0.10009133513146,99.6860197491129,4.48587088871008,1,2020
4,4,0.103342304616167,243.316047617597,10.9492221427919,1,4
8,8,0.114660813504595,244.294831686152,10.9932674258769,1,
15,15,0.147384397707258,81.9163903399187,3.68623756529634,1,
23,23,0.185339186495405,18.9185396820109,1,1,
27,27,0.196657695383833,15.8365769407439,1,1,
28,28,0.198274226501799,14.5747068531993,1,1,
29,29,0.199361855092181,15.4600354421461,1,1,
30,30,0.19990866486854,14.8512894875218,1,1,
