ID,Depth (cm),Density g/cm^3,210Pb (Bq/kg),sd(210Pb),Thickness (cm),Info
1,1,0.10009133513146,99.6860197491129,4.48587088871008,1,2020
7,7,0.111160454408323,269.918910549958,12.1463509747481,1,4
13,13,0.137064959993606,122.489253927777,5.51201642674998,1,
27,27,0.196657695383833,15.8365769407439,1,1,
28,28,0.198274226501799,14.5747068531993,1,1,
29,29,0.199361855092181,15.4600354421461,1,1,
30,30,0.19990866486854,14.8512894875218,1,1,
